titre,annee,description,note_imdb,votes_imdb,note_jwrating,runtime,type,genres,producteur,plateformes
Génération V,2023,"De The Boys est née Génération V, nouvelle série sur la seule université américaine pour super-héros. Ces étudiants doués mettent à l'épreuve leur morale, s'affrontant pour une place au sommet du classement et une chance de rejoindre les Sept, l'équipe de super-héros d'élite de Vought. Quand les secrets de l'école sont révélés, ils doivent choisir à quelle sorte de super-héros ils veulent appartenir.",7.6,134184.0,0.936438456273,49,SHOW,"Action & Aventure, Drame, Science-Fiction, Comédie",Philip Sgriccia,"Amazon Prime Video, Amazon Prime Video with Ads"
Alien : Earth,2025,"Lorsqu'un mystérieux vaisseau spatial s'écrase sur la Terre, une jeune femme et un groupe hétéroclite de soldats tactiques font une découverte fatidique qui les amène à affronter la plus grande menace que la planète ait connue. Alors que les membres de l'équipe dépêchée pour récupérer l'épave recherchent des survivants, ils rencontrent des formes de vie prédatrices absolument terrifiantes. Face à cette nouvelle menace, l'équipe doit se battre pour survivre et faire des choix qui pourraient changer la Terre à jamais.",7.2,77013.0,0.877659514195,55,SHOW,"Science-Fiction, Drame, Horreur, Mystère & Thriller",Noah Hawley,Disney Plus
Mercredi,2022,"Brillante, sarcastique et un peu morte à l'intérieur, Mercredi Addams enquête sur une série de sombres mystères tout en se faisant des amis à l'Académie Nevermore.",8.0,468878.0,0.944034750414,53,SHOW,"Comédie, Science-Fiction, Crime & Thriller, Fantastique",James Marshall,"Netflix, Netflix Standard with Ads"
Monstre : L'Histoire d'Ed Gein,2025,"Dans les champs gelés du Wisconsin rural des années 1950, un reclus amical et doux nommé Eddie Gein vivait tranquillement dans une ferme en ruine - cachant une maison d'horreurs si épouvantables qu'elles allaient redéfinir le cauchemar américain. Poussé par l'isolement, la psychose et une obsession dévorante pour sa mère, les crimes pervers de Gein ont donné naissance à un nouveau type de monstre qui allait hanter Hollywood pendant des décennies.",,,0.795450724154,55,SHOW,"Crime & Thriller, Drame",Max Winkler,"Netflix, Netflix Standard with Ads"
Alice in Borderland,2020,"Un gamer paumé et ses deux amis se retrouvent dans un Tokyo parallèle, où ils sont contraints de participer à une série de jeux sadiques pour survivre.",7.8,135050.0,0.919837197589,58,SHOW,"Science-Fiction, Mystère & Thriller, Action & Aventure, Drame, Horreur",Shinsuke Sato,"Netflix, Netflix Standard with Ads"
L'abri de fortune,2025,"Alors que le monde s’effondre, un groupe de milliardaires se retranche dans un bunker de luxe, où anciens conflits et nouveaux secrets n’ont nulle part où se cacher.",5.6,6124.0,0.644779386464,55,SHOW,"Science-Fiction, Drame, Comédie Romantique, Mystère & Thriller, Crime & Thriller",N/A,"Netflix, Netflix Standard with Ads"
Peacemaker,2022,Spin-off au film The Suicide Squad consacré à l'anti-héros incarné par John Cena !,8.3,139982.0,0.935753198088,42,SHOW,"Action & Aventure, Science-Fiction, Drame, Comédie, Crime & Thriller, Fantastique",Jody Hill,"HBO Max  Amazon Channel, VIVA by videofutur, HBO Max, Premiere Max"
Dexter : Résurrection,2025,"Après avoir survécu à ses blessures, Dexter se retrouve à New York. Il tente de renouer une relation avec son fils mais des meurtres rituels ensanglantent Big Apple.",9.1,99520.0,0.927226133875,52,SHOW,"Crime & Thriller, Drame, Mystère & Thriller",Marcos Siega,"Canal+ Séries, Canal+"
Only Murders in the Building,2021,"Only Murders In The Building suit trois inconnus qui partagent une passion pour les faits divers et qui se retrouvent soudain mêlés à l'une de ces aventures, alors qu'ils enquêtent sur la mort mystérieuse d'un voisin dans leur immeuble de New York.",8.1,194657.0,0.930734687025,35,SHOW,"Mystère & Thriller, Comédie, Crime & Thriller, Drame",Chris Koch,Disney Plus
Les déshonorés,2022,"Cette fiction d'espionnage ingénieuse suit une équipe dysfonctionnelle d'agents du MI5 - et leur odieux patron, le célèbre Jackson Lamb - qui naviguent dans le monde trouble de l'espionnage pour défendre l'Angleterre contre des forces malfaisantes.",8.3,125861.0,0.946753887223,45,SHOW,"Comédie, Drame, Mystère & Thriller",James Hawes,Apple TV+
House of Guinness,2025,"Au XIXe siècle, l'histoire de la famille irlandaise à l'origine de la marque de bière emblématique, Guinness.",7.5,14342.0,0.847242448016,51,SHOW,"Drame, Histoire",N/A,"Netflix, Netflix Standard with Ads"
Empathie,2025,"Après un drame qui l'a bouleversé, Suzanne Bien-Aimé, une ancienne criminologue, intègre l'institut psychiatrique Mont-Royal en tant que psychiatre.",8.9,1217.0,0.811492745776,43,SHOW,Drame,Guillaume Lonergan,"Canal+ Séries, Canal+"
Task,2025,"Dans la périphérie industrielle de Philadelphie, un agent du FBI supervise une équipe spéciale dont la mission est d'éradiquer une succession de cambriolages orchestrés par un père de famille insoupçonnable.",7.9,14000.0,0.85209880071,61,SHOW,"Crime & Thriller, Drame",Jeremiah Zagar,"HBO Max  Amazon Channel, HBO Max"
Black Rabbit,2025,"Un restaurateur en pleine ascension est contraint de tremper dans le milieu criminel new-yorkais après le retour de son frère chaotique, harcelé par des usuriers impitoyables.",7.4,25321.0,0.837351457461,56,SHOW,"Crime & Thriller, Drame, Mystère & Thriller",Justin Kurzel,"Netflix, Netflix Standard with Ads"
Indociles,2025,"Un policier local soupçonne l'école pour ados en difficulté de la ville, et sa fondatrice au charisme troublant, de cacher un sombre secret.",5.9,17777.0,0.704913237411,44,SHOW,"Drame, Mystère & Thriller",Euros Lyn,"Netflix, Netflix Standard with Ads"
Fondation,2021,"Inspirée des romans primés d'Isaac Asimov, Foundation est la chronique de l'extraordinaire voyage d'une bande d'exilés pour sauver l'humanité et reconstruire la civilisation pendant la chute de l'Empire galactique.",7.6,120023.0,0.926549168001,53,SHOW,"Science-Fiction, Drame",Mark Tonderai,Apple TV+
Néro,2025,"1504, dans le sud de la France. Néro, un assassin dangereux et cynique, est trahi par son maître et allié de longue date. Fuyant de redoutables ennemis lancés à sa poursuite, il doit récupérer et protéger sa fille Perla, laissée jusque-là comme orpheline. Durant leur périple entre vengeance et rédemption, Néro va devoir faire un choix : sauver sa peau ou sauver sa fille... et le monde.",6.7,1167.0,0.845028601312,52,SHOW,"Drame, Action & Aventure, Histoire",Allan Mauduit,"Netflix, Netflix Standard with Ads"
Les Sentinelles,2025,"Au début de la Première Guerre mondiale, le soldat Gabriel Ferraud, grièvement blessé, est sélectionné pour participer à un programme de recherche ultra-secret de l’armée française qui vise à créer des combattants d’un genre nouveau. Après qu’on lui a inoculé un sérum à l’origine mystérieuse, Gabriel se voit doté de capacités inédites. Désormais plus fort, plus rapide, plus résistant qu’un être humain normal, il intègre une unité d’élite composée de soldats augmentés : les Sentinelles. Mais il est très vite confronté à une réalité terrifiante qui risque de faire basculer le sort de la guerre.",5.8,127.0,,50,SHOW,"Drame, Action & Aventure, Fantastique, Film de guerre",Thierry Poiraud,"Canal+ Séries, Canal+"
HPI : Haut Potentiel Intellectuel,2021,"Morgane Alvaro reprend du service ! Avec son génie incontrôlable et son look improbable, Morgane n’a pas fini de bousculer les procédures du commandant Karadec… mais aussi de booster les enquêtes criminelles. Ensemble, le duo fera face à des énigmes de haut vol. Mais pour combien de temps encore ?",7.6,3375.0,0.849609190661,55,SHOW,"Crime & Thriller, Pour enfants, Comédie, Mystère & Thriller",Mona Achache,"Disney Plus, Fnac , VIVA by videofutur, TF1+, Canal VOD, Apple TV, Orange VOD, Premiere Max"
The Last of Us,2023,"Vingt ans après la destruction de la civilisation moderne, Joel, un survivant endurci, est engagé pour faire sortir Ellie, une jeune fille de 14 ans, d'une zone de quarantaine oppressante. Ce qui n'est au départ qu'un petit travail se transforme rapidement en un voyage brutal et époustouflant, alors que dans ce duo improbable, chacun dépend de l'autre pour sa survie.",8.5,701777.0,0.951887270421,57,SHOW,"Drame, Action & Aventure, Horreur, Science-Fiction, Mystère & Thriller",Nina Lopez-Corrado,"Amazon Video, VIVA by videofutur, HBO Max, Apple TV, Rakuten TV, HBO Max  Amazon Channel, Premiere Max"
Tulsa King,2022,"Dwight Manfredi, surnommé ""Le Général"", vient de sortir de prison où il a passé 25 ans. Cet ancien membre de la mafia new-yorkaise est cependant contraint de s'exiler à Tulsa dans l'Oklahoma. Il va y rassembler sa propre « famille » pour développer un empire criminel.",7.9,105580.0,0.93032400836,40,SHOW,"Drame, Action & Aventure, Crime & Thriller",Benjamin Semanoff,"Fnac , Paramount Plus Apple TV Channel , Paramount+ Amazon Channel, Amazon Video, Canal VOD, Apple TV, Paramount Plus, Orange VOD, Zavvi, Paramount Plus Premium"
L'été où je suis devenue jolie,2022,"Isabel ""Belly"" Conklin passe ses étés à Cousin's Beach avec sa mère et son frère aîné, ainsi que le meilleur ami de sa mère et ses fils. Au cours d'un été bien précis, elle va connaître son premier amour mais aussi sa première peine de coeur.",7.3,64743.0,0.85692350528,54,SHOW,"Drame, Comédie Romantique",Katina Medina Mora,"Amazon Prime Video, Amazon Prime Video with Ads"
La matinale,2019,"Portrait sans concession des coulisses d'une matinale télé aux États-Unis, où l’ego et les ambitions génèrent des tensions au sein de l'équipe. Parmi ces personnes qui aident l'Amérique à se réveiller, deux femmes tentent de tirer leur épingle du jeu dans ce milieu impitoyable.",8.1,143532.0,0.933442339318,55,SHOW,Drame,Miguel Arteta,Apple TV+
Marvel Zombies,2025,L'univers Marvel est réimaginé alors qu'une nouvelle génération de héros se bat contre un fléau de zombies qui ne cesse de s'étendre.,7.1,15215.0,0.84751956107,31,SHOW,"Science-Fiction, Animation, Action & Aventure, Drame, Fantastique, Horreur",Bryan Andrews,Disney Plus
MobLand,2025,"Deux familles du crime s'affrontent dans une lutte à mort qui menace de faire tomber des empires. Pris entre deux feux, Harry Da Souza, un "" fixer "", connaît mieux que personne la valeur de la loyauté quand des forces opposées entrent en collision.",8.4,90434.0,0.938250895294,47,SHOW,"Crime & Thriller, Drame",Guy Ritchie,"Paramount Plus Apple TV Channel , Paramount+ Amazon Channel, Amazon Video, Canal VOD, Apple TV, Paramount Plus, Paramount Plus Premium"
Black Sails,2014,"1715, l'âge d'or de la piraterie dans les Caraïbes. L'ancienne colonie britannique de New Providence est contrôlée par les pirates. Parmi eux, le plus célèbre et le plus craint est le Capitaine Flint. Lorsque la flotte britannique décide de reconquérir ce territoire abandonné aux mains des hors-la-loi, Flint décide de lutter. Car le retour de l'Empire Britannique signifierait l'extinction des pirates. Allié à Eleanor Guthrie, dont le père règne sur la contrebande à New Providence, il met au point un plan pour sauver les pirates. Au même moment, un certain John Silver est recruté dans l'équipage de Flint, un étrange jeune marin qui va rapidement s'opposer au capitaine... Abordages, mutineries et trahisons : Black Sails entend bien rappeler à quel point le monde des pirates était violent et cruel, loin de leur image de héros des enfants.",8.2,123016.0,0.918745836329,56,SHOW,"Action & Aventure, Drame",Steve Boyum,"Amazon Video, Lionsgate+ Amazon Channels, Amazon Prime Video, Canal VOD, HBO Max, Apple TV, Orange VOD, HBO Max  Amazon Channel"
La liste terminale: L'ombre du loup,2025,"Plusieurs années avant les événements de La Liste Terminale, les Navy SEAL Ben Edwards et Raife Hastings se retrouvent impliqués dans une conspiration d'espionnage international alors qu'ils sont affectés à la CIA. Cependant, dans les opérations secrètes, personne n'en ressort indemne. Ce ne sont pas seulement des vies qui sont perdues. Parfois, c'est votre âme.",7.7,18352.0,0.865440204388,57,SHOW,"Drame, Action & Aventure, Mystère & Thriller",Paul Cameron,"Amazon Prime Video, Amazon Prime Video with Ads"
The Walking Dead - Daryl Dixon,2023,Daryl Dixon se réveille quelque part sur le continent européen et essaie de reconstituer ce qui s'est passé. Comment est-il arrivé ici ? Comment va-t-il rentrer chez lui ?,7.5,35942.0,0.866194977615,53,SHOW,"Science-Fiction, Action & Aventure, Drame, Horreur",Michael Slovis,"Paramount Plus Apple TV Channel , Paramount+ Amazon Channel, Amazon Video, Apple TV, Paramount Plus, Zavvi, Paramount Plus Premium"
Le traqueur,2024,"Colter Shaw est un loup solitaire, qui parcourt le pays à bord de son camping-car, utilisant ses talents de pisteur pour aider les particuliers et les forces de l'ordre à résoudre toutes sortes de crimes ou à retrouver les personnes disparues.",7.1,24605.0,0.82517163325,41,SHOW,"Drame, Crime & Thriller",Nimisha Mukerji,"Disney Plus, TF1+, Molotov TV"
Invasion,2021,"Alors que la Terre est visitée par des extraterrestres qui menacent l’humanité, cinq personnes ordinaires dispersées sur la planète s’efforcent de donner un sens aux évènements dont ils sont témoins et au chaos qui les entoure.",6.2,53421.0,0.852850073429,49,SHOW,"Drame, Science-Fiction, Fantastique",Claudia Llosa,Apple TV+
Dexter,2006,"Brillant expert scientifique du service médico-légal de la police de Miami, Dexter Morgan est spécialisé dans l'analyse de prélèvements sanguins. Mais voilà, Dexter cache un terrible secret : il est également tueur en série. Un serial killer pas comme les autres, avec sa propre vision de la justice.",8.6,885286.0,0.94259490997,53,SHOW,"Drame, Mystère & Thriller, Crime & Thriller",Tim Hunter,"Paramount Plus Apple TV Channel , Paramount+ Amazon Channel, Canal VOD, Apple TV, Canal+ Séries, Paramount Plus, Zavvi, Paramount Plus Premium"
The Handmaid's Tale : La Servante écarlate,2017,"Dans une dictature où la stérilité a frappé les femmes, ces dernières sont divisées en trois catégories : les Épouses, qui dominent la maison, les Marthas, qui l'entretiennent, et les Servantes, dont le rôle est la reproduction.",8.3,290077.0,0.899024670119,51,SHOW,"Drame, Science-Fiction, Mystère & Thriller",Elisabeth Moss,"Fnac , Molotov TV, Amazon Video, Amazon Prime Video, Canal VOD, Amazon Prime Video with Ads, Apple TV, Orange VOD, Cine+ OCS Amazon Channel "
Le Pitt,2025,"Dans l'Amérique d'aujourd'hui, les professionnels de la santé sont confrontés à de nombreux défis au sein d'un hôpital de Pittsburgh, en Pennsylvanie.",8.9,77491.0,0.936881381024,48,SHOW,Drame,Quyen Tran,"HBO Max  Amazon Channel, HBO Max"
Dissociation,2022,Mark dirige une équipe d'employés de bureau dont les souvenirs ont été scindés chirurgicalement en fonction de leur vie professionnelle et de leur vie privée. L'irruption d'un mystérieux collègue en dehors du bureau enclenche une longue quête de vérité sur leur travail.,8.7,349159.0,0.942575837571,49,SHOW,"Drame, Mystère & Thriller, Science-Fiction",Jessica Lee Gagné,"Apple TV+, Canal+"
Killing Eve: la série,2018,"Cantonnée à un travail de bureau bien peu passionnant, l'agent du MI5 Eve Polastri est frustrée par une existence bien monotone. Jusqu'au jour où elle se retrouve à traquer une tueuse psychopathe surnommée Villanelle...",8.1,149077.0,0.914961551048,42,SHOW,"Crime & Thriller, Drame, Action & Aventure, Mystère & Thriller",Stella Corradi,"Canal VOD, Apple TV, Netflix Standard with Ads, Netflix, Zavvi"
The White Lotus,2021,"De riches vacanciers viennent se reposer au White Lotus, un hôtel de luxe situé à Hawaii géré par Armond, soucieux du bien-être de ses clients. Shane et Rachel, tout juste mariés, viennent passer leur nuit de miel. La famille Mossbacher est emmenée par la très directive Nicole. Tanya McQuoid, une femme riche et instable, a emmené avec elle les cendres de sa mère.",8.0,300338.0,0.917491776114,62,SHOW,"Drame, Mystère & Thriller, Comédie",Mike White,"Fnac , Amazon Video, VIVA by videofutur, Canal VOD, HBO Max, Apple TV, Orange VOD, HBO Max  Amazon Channel, Premiere Max"
The Rookie : Le Flic de Los Angeles,2018,"Lorsque sa femme le quitte et que son fils part à la fac, John Nolan, la quarantaine, est à un tournant de sa vie et décide de réaliser un vieux rêve : devenir flic ! Il part vivre à Los Angeles et se retrouve, malgré son âge, un bleu parmi les bleus...",8.0,112112.0,0.862291141873,42,SHOW,"Crime & Thriller, Drame, Comédie, Action & Aventure",Nelson McCormick,"Disney Plus, M6+, Lionsgate+ Amazon Channels, Netflix Standard with Ads, Netflix, Canal+"
From,2022,"Découvrez le mystère d'une ville cauchemardesque dans le centre des États-Unis qui piège tous ceux qui y entrent. Alors que les habitants réticents se battent pour garder un sentiment de normalité et cherchent une issue, ils doivent également survivre aux menaces de la forêt environnante, y compris les créatures terrifiantes qui sortent lorsque le soleil se couche.",7.8,154863.0,0.914457714794,51,SHOW,"Science-Fiction, Mystère & Thriller, Drame, Horreur",John Griffin,"Paramount Plus Apple TV Channel , Paramount+ Amazon Channel, Amazon Video, Apple TV, Paramount Plus, Orange VOD, Paramount Plus Premium, Canal+"
Yellowstone,2018,"Dans le Montana, la famille Dutton possède le plus grand ranch des États-Unis près du parc national de Yellowstone. Menée par le patriarche John, la famille se bat contre des politiciens et des promoteurs immobiliers.",8.6,290668.0,0.898496107334,51,SHOW,"Western, Drame",Guy Ferland,"Fnac , Paramount Plus Apple TV Channel , Paramount+ Amazon Channel, Amazon Video, Canal VOD, Apple TV, Netflix Standard with Ads, Netflix, Paramount Plus, Orange VOD, Zavvi, Paramount Plus Premium"
Star Wars : Andor,2022,"En cette ère dangereuse, Cassian Andor emprunte un chemin qui fera de lui un héros de la rébellion.",8.6,252918.0,0.948583387523,48,SHOW,"Action & Aventure, Drame, Science-Fiction, Fantastique, Mystère & Thriller",Ariel Kleiman,Disney Plus
Le trône de fer,2011,"Il y a très longtemps, à une époque oubliée, une force a détruit l'équilibre des saisons. Dans un pays où l'été peut durer plusieurs années et l'hiver toute une vie, des forces sinistres et surnaturelles se pressent aux portes du Royaume des Sept Couronnes. La confrérie de la Garde de Nuit, protégeant le Royaume de toute créature pouvant provenir d'au-delà du Mur protecteur, n'a plus les ressources nécessaires pour assurer la sécurité de tous. Après un été de dix années, un hiver rigoureux s'abat sur le Royaume avec la promesse d'un avenir des plus sombres. Pendant ce temps, complots et rivalités se jouent sur le continent pour s'emparer du Trône de fer, le symbole du pouvoir absolu.",9.2,2490816.0,0.95794729655,58,SHOW,"Action & Aventure, Science-Fiction, Drame, Fantastique",David Nutter,"Fnac , Amazon Video, VIVA by videofutur, Canal VOD, HBO Max, Apple TV, Orange VOD, HBO Max  Amazon Channel, Zavvi, Premiere Max"
"Dre Grey, leçons d'anatomie",2005,"Meredith Grey, fille d'un chirurgien très réputé, commence son internat de première année en médecine chirurgicale dans un hôpital de Seattle. La jeune femme s'efforce de maintenir de bonnes relations avec ses camarades internes, mais dans ce métier difficile la compétition fait rage.",7.6,366391.0,0.832233552719,48,SHOW,"Drame, Comédie Romantique",Robert Berlinger,"Disney Plus, Fnac , Molotov TV, Amazon Video, TF1+, Apple TV, Orange VOD, Bbox VOD"
Defiance,2013,"Ravagée par plusieurs décennies de guerre intergalactique, suite à l'arrivée de plusieurs espèces extraterrestres, la Terre a énormément souffert. Après 30 ans de combats, la civilisation commence tout juste à se reconstruire. Joshua Nolan, un ancien Marine qui a perdu sa femme et sa fille lors des conflits, se retrouve malgré lui shérif de Defiance, l'un des rares endroits où les humains et les extraterrestres parviennent à cohabiter. Située dans une vallée cernée de montagnes, la ville va devoir faire face à de nombreux dangers. Des menaces venant aussi bien de l'extérieur qu'à l'intérieur…",7.0,46070.0,0.877024403796,43,SHOW,"Science-Fiction, Action & Aventure, Drame",N/A,"Amazon Prime Video, Amazon Prime Video with Ads, Apple TV"
S.W.A.T.,2017,"Un lieutenant du S.W.A.T est tiraillé entre sa loyauté envers ses origines modestes, dont ses amis de la rue avec qui il a grandi et qui n'ont pas aussi bien tourné que lui, et son devoir envers ses co-équipiers. Une dualité qui finit par prendre tout son sens lorsqu'il se voit chargé d'organiser une unité hautement qualifiée pour résoudre les crimes à Los Angeles.",7.2,39566.0,0.875332784562,41,SHOW,"Crime & Thriller, Drame, Mystère & Thriller, Action & Aventure",Lin Oeding,"Molotov TV, Fnac , Amazon Video, Amazon Prime Video, Canal VOD, TF1+, Amazon Prime Video with Ads, Apple TV, Netflix Standard with Ads, Netflix"
Splinter Cell: Deathwatch,2025,"Dans l'univers nébuleux de l'espionnage, Sam Fisher est une rumeur et une légende. Appelé à reprendre du service, il doit aider une nouvelle recrue à démêler un complot mondial.",6.7,667.0,0.551519601245,24,SHOW,"Animation, Action & Aventure, Science-Fiction, Mystère & Thriller",Guillaume Dousse,"Netflix, Netflix Standard with Ads"
Ángela,2024,"Derrière les apparences d'une famille parfaite, Ángela endure la violence de son mari. L'arrivée d'Edu ravive un désir oublié et lui ouvre une échappatoire mortelle.",6.6,2085.0,0.830409659428,50,SHOW,"Drame, Mystère & Thriller",Norberto López Amado,"Netflix, Netflix Standard with Ads"
The Big Bang Theory,2007,"Leonard et Sheldon pourraient vous dire tout ce que vous voudriez savoir à propos de la physique quantique. Mais ils seraient bien incapables de vous expliquer quoi que ce soit sur la vie « réelle », le quotidien ou les relations humaines… Mais tout va changer avec l'arrivée de la superbe Penny, leur voisine. Ce petit bout de femme, actrice à ses heures et serveuse pour le beurre, va devenir leur professeur de vie !",8.1,920727.0,0.906551469032,20,SHOW,"Comédie, Comédie Romantique",Nikki Lorre,"Fnac , Molotov TV, Amazon Video, Canal VOD, VIVA by videofutur, HBO Max, Apple TV, Rakuten TV, HBO Max  Amazon Channel, Zavvi, Premiere Max"
Chad Powers,2025,"Après avoir ruiné sa carrière de quarterback universitaire par son comportement inacceptable, Russ Holliday se fait passer pour Chad Powers, un joueur talentueux et affable, et rejoint une équipe de football du Sud en difficulté pour tenter de relancer sa carrière.
",7.4,2650.0,0.718268087283,33,SHOW,"Comédie, Sport & Fitness",Tony Yacenda,Disney Plus
The Girlfriend,2025,"Laura a tout pour elle : une carrière brillante, un mari attentionné et Daniel, son fils adoré. Mais sa vie parfaite vacille lorsque Daniel présente sa petite amie Cherry. Après cette rencontre tendue, Laura est convaincue que Cherry cache quelque chose. Est-elle une opportuniste manipulatrice, ou bien Laura est-elle paranoïaque ? Tout est question de perspective.",7.2,14421.0,0.859791955042,50,SHOW,Drame,N/A,"Amazon Prime Video, Amazon Prime Video with Ads"
À la frontière du continent,2025,"Quand un avion de transport de prisonniers s’écrase dans les étendues sauvages et isolées d’Alaska, libérant des dizaines de détenus violents, le seul marshal de la région doit assurer la sécurité de la ville qu’il a juré de protéger.",7.1,1691.0,0.735578760926,0,SHOW,"Drame, Action & Aventure, Mystère & Thriller",Sam Hargrave,Apple TV+
Platonic,2023,Deux anciens meilleurs amis se retrouvent après de nombreuses années. L'amitié dévorante des deux quadragénaires chamboule leurs vies de façon hilarante.,7.2,24763.0,0.863773704194,31,SHOW,"Comédie, Comédie Romantique",Nicholas Stoller,Apple TV+
Outlander: Blood of My Blood,2025,"Des champs de bataille de la Première Guerre mondiale aux Highlands de l'Écosse du XVIIIe siècle, ce préquel revient sur l’histoire d’amour des parents de Jamie Fraser, Ellen MacKenzie et Brian Fraser, et ceux de Claire, Julia Moriston et Henry Beauchamp, explorant jusqu'où une personne peut aller par amour à une époque où les mariages ont un rôle stratégique, souvent à des fins politiques ou financières.",8.2,3801.0,0.766812399069,60,SHOW,Drame,Jamie Payne,"Amazon Video, Canal VOD, HBO Max, Apple TV, HBO Max  Amazon Channel"
Futurama,1999,"Accidentellement cryogénisé le 31 décembre 1999 alors qu'il livrait une pizza, Fry se réveille 1.000 ans plus tard à New York. À l'aube de l'an 3000, le monde a bien changé, peuplé de robots et d'extraterrestres. Le jeune homme retrouve l'un de ses descendants qui l'engage lui et ses nouveaux amis, Leela et Bender, au Planet Express, une entreprise de livraison. Ensemble, ils vont devoir faire face à de périlleuses et délirantes missions dans un monde des plus surprenants.",8.5,274804.0,0.947233264489,23,SHOW,"Comédie, Science-Fiction, Animation",Edmund Fong,"Disney Plus, Apple TV"
Kaamelott,2005,"Vème siècle, île de Bretagne. Alors que l'Empire romain s'effondre et que le christianisme s'impose peu à peu face aux dieux païens, le royaume de Kaamelott s'organise autour de son souverain, le roi Arthur ; entouré de ses fidèles chevaliers, il s'attelle à la mission que les Dieux lui ont confié : rechercher le Saint Graal. Mais cette quête s'annonce plus que difficile, car Arthur est très mal entouré. Ses chevaliers de la Table Ronde sont un faible renfort contre les défis qui se dressent sur la route : peureux, naïfs, stupides ou au contraire violents, archaïques et désordonnés, les troupes de Bretagne ne comprennent pas l'enjeu de la quête du Graal et peinent à se rendre utiles. L'entourage familial du roi n'est guère plus sensé : son quotidien déjà bien chargé est parsemé de conflits avec sa femme Guenièvre ou sa belle-famille.",8.8,4340.0,0.902872060158,5,SHOW,"Comédie, Drame, Fantastique, Réalisé en Europe",François Guérin,"Molotov TV, Fnac , M6+, Amazon Video, Canal VOD, Apple TV, Orange VOD"
Buffy contre les vampires,1997,"A chaque génération il y a une élue. Seule elle devra affronter les vampires, les démons et les forces de l'ombre. Concilier scolarité difficile et affrontements nocturnes, ce n'est pas facile. Et c'est pourtant le quotidien de Buffy, une adolescente comme les autres avec ses problèmes affectifs et scolaires, mais qui la nuit part à la chasse aux vampires !",8.3,170765.0,0.924671833644,52,SHOW,"Action & Aventure, Drame, Fantastique, Horreur, Comédie Romantique, Comédie, Science-Fiction",David Fury,Disney Plus
Adolescence,2025,"Lorsqu'un ado de 13 ans est accusé de meurtre, sa famille, une psychologue clinicienne et l'inspecteur chargé de l'affaire se demandent ce qui s'est vraiment passé.",8.1,246390.0,0.905851723594,57,SHOW,"Crime & Thriller, Drame, Mystère & Thriller",Philip Barantini,"Netflix, Netflix Standard with Ads"
Chicago Fire : Caserne 51,2012,"La série se déroule de nos jours à Chicago, aux États-Unis et suit les membres d'une caserne des sapeurs-pompiers de la ville : le Chicago Fire Department.",8.0,70029.0,0.862468222569,41,SHOW,"Action & Aventure, Drame",Daniel Sackheim,"Fnac , Amazon Video, Amazon Prime Video, Canal VOD, Amazon Prime Video with Ads, Apple TV, Universal+ Amazon Channel, Zavvi"
One Punch Man,2015,"Saitama vient d'essuyer un énième refus d'embauche… Dépité, il voit sa vie basculer lorsqu'un homme-crabe menace sous ses yeux un garçon à tête de cul ! Il le sauve, et c'est la révélation. Il devient super-héros ! Encore un ? Non pas vraiment. Lui, c'est un anti-héros complètement à côté de la plaque. Son super pouvoir est de terrasser n'importe quel ennemi en un seul coup de poing. Quel ennui d'être si puissant… Saitama parviendra-t-il à enfin retrouver l'extase du combat en rencontrant un adversaire à sa mesure ?!",8.6,209899.0,0.923280355424,24,SHOW,"Animation, Action & Aventure, Comédie, Fantastique, Science-Fiction",Shingo Natsume,"Fnac , Crunchyroll, Crunchyroll Amazon Channel, Netflix Standard with Ads, Netflix, Zavvi"
High Potential,2024,Morgan est une mère célibataire dotée d'un intellect exceptionnel. Son talent peu commun à résoudre des crimes l'amène à former un duo insolite et irrésistible avec un détective aguerri et respectueux des règles.,7.6,36693.0,0.895564516907,43,SHOW,"Drame, Comédie, Crime & Thriller",James Roday Rodriguez,Disney Plus
Les Disparues de la gare,2025,"À Perpignan, entre 1995 et 2001, une adolescente disparaît et trois jeunes femmes sont assassinées autour de la gare. Elles sont jeunes, belles et animées par un fort désir d’émancipation. Leurs visages s’affichent dans les journaux. Elles deviennent ""les Disparues de la Gare"". Flore Robin, jeune enquêtrice, fait ses premiers pas dans la police le jour même où le premier corps est retrouvé. Elle devra faire équipe avec le capitaine de police Franck Vidal et son mentor Felix Sabueso, longtemps mis au placard, mais rappelé spécialement pour cette affaire hors normes. Parallèlement, la mère de la jeune fille portée disparue, explore chaque piste pour retrouver sa fille. Pendant 20 ans, alors qu’une véritable psychose s’abat peu à peu sur la ville, la traque d’un tueur en série impitoyable mais introuvable fait rage.",6.5,228.0,0.355302822862,47,SHOW,"Crime & Thriller, Drame, Mystère & Thriller",Virginie Sauveur,Disney Plus
Squid Game,2021,"Tentés par un prix alléchant en cas de victoire, des centaines de joueurs désargentés acceptent de s'affronter lors de jeux pour enfants aux enjeux mortels.",8.0,722483.0,0.908193291562,58,SHOW,"Action & Aventure, Mystère & Thriller, Drame, Crime & Thriller",Hwang Dong-hyuk,"Netflix, Netflix Standard with Ads"
Friends,1994,"Les péripéties de 6 jeunes newyorkais liés par une profonde amitié. Entre amour, travail, famille, ils partagent leurs bonheurs et leurs soucis au Central Perk, leur café favori...",8.9,1164376.0,0.92253635064,23,SHOW,"Comédie, Comédie Romantique",Terry Hughes,"Fnac , Amazon Video, VIVA by videofutur, Canal VOD, HBO Max, Apple TV, HBO Max  Amazon Channel, Premiere Max"
Demon Slayer : Kimetsu no Yaiba,2019,"Tanjirô, un jeune et sympathique vendeur de charbon voit son quotidien changer radicalement après le massacre de sa famille par un démon. Seule sa petite sœur Nezuko survit à l’attaque, mais elle est transformée en un démon féroce. Ils partent tous deux en voyage afin de prendre leur revanche et de rendre à Nezuko son apparence d’origine. Vivez avec eux ce périple dans lequel le destin des humains et des démons s’entremêlent.",8.6,205565.0,0.907185448229,27,SHOW,"Action & Aventure, Fantastique, Mystère & Thriller, Animation, Science-Fiction",Shinsuke Gomi,"Molotov TV, TF1+, Crunchyroll, Crunchyroll Amazon Channel, Netflix Standard with Ads, Netflix, Animation Digital Network"
One Piece,1999,"Il fut un temps où Gold Roger était le plus grand de tous les pirates, le ""Roi des Pirates"" était son surnom. A sa mort, son trésor d'une valeur inestimable connu sous le nom de ""One Piece"" fut caché quelque part sur ""Grand Line"". De nombreux pirates sont partis à la recherche de ce trésor mais tous sont morts avant même de l'atteindre. Monkey D. Luffy rêve de retrouver ce trésor légendaire et de devenir le nouveau ""Roi des Pirates"". Après avoir mangé un fruit du démon, il possède un pouvoir lui permettant de réaliser son rêve. Il lui faut maintenant trouver un équipage pour partir à l'aventure !",9.0,327067.0,0.865847620828,23,SHOW,"Action & Aventure, Comédie, Animation, Drame, Fantastique",Satoshi Itou,"Disney Plus, Amazon Prime Video, Crunchyroll, Crunchyroll Amazon Channel, TF1+, Animation Digital Network, Anime Digital Network Amazon Channel, Zavvi"
Ghosts: fantômes à la maison,2021,"A la mort de sa grand-tante, Sam hérite d'un manoir en ruine habité par les esprits de différents personnages morts sur les lieux à travers les siècles. Elle projette, avec son mari Jay, de transformer le manoir en hôtel. Suite à un accident qui l'a rapprochée de la mort, elle peut voir et entendre les fantômes.",7.9,44704.0,0.896602442484,21,SHOW,"Comédie, Fantastique",Matthew A. Cherry,"Netflix, Netflix Standard with Ads"
Sans regret,2011,"Pour les enfants Gallagher, la vie est tout sauf un long fleuve tranquille... Fiona, l'aînée, âgée de 20 ans, élève du mieux possible sa soeur et ses quatre frères. Leur mère, Monica, les a abandonnés pour refaire sa vie avec une femme. Quant à leur père, Frank, paumé, chômeur et alcoolique, il dilapide l'argent des allocations familiales...",8.5,320866.0,0.915056058107,54,SHOW,"Comédie, Drame",Craig Zisk,"Amazon Prime Video, Canal VOD, VIVA by videofutur, HBO Max, Amazon Prime Video with Ads, Apple TV, Netflix Standard with Ads, Netflix, Rakuten TV, HBO Max  Amazon Channel, Premiere Max"
True Detective,2014,"Série d'anthologie dans laquelle les enquêtes policières mettent au jour les secrets personnels et professionnels des personnes impliquées, tant à l'intérieur qu'à l'extérieur de la loi.",8.9,724103.0,0.929801587496,61,SHOW,"Mystère & Thriller, Drame, Crime & Thriller",Janus Metz,"Fnac , Amazon Video, VIVA by videofutur, Canal VOD, HBO Max, Apple TV, Rakuten TV, Orange VOD, HBO Max  Amazon Channel, Premiere Max"
Chef de guerre,2025,"Comme les quatre royaumes d'Hawaiʻi sont déchirés par la guerre, le féroce guerrier Kaʻiana se lance dans une mission monumentale pour unir son peuple, alors qu'une sombre menace se rapproche.",7.5,13067.0,0.800747021678,48,SHOW,"Drame, Histoire",Brian Andrew Mendoza,Apple TV+
South Park,1997,"La petite ville de South Park dans le Colorado est le théâtre des aventures de Cartman, Stan, Kyle et Kenny, quatre enfants au langage quelque peu... décalé !",8.7,433724.0,0.863786025195,22,SHOW,"Comédie, Animation",Trey Parker,"Molotov TV, Fnac , Paramount Plus Apple TV Channel , Paramount+ Amazon Channel, Amazon Video, VIVA by videofutur, Apple TV, Paramount Plus, Zavvi, Paramount Plus Premium, Premiere Max"
Shadowlands,2018,"Shadowlands est une série d'anthologie qui explore l'amour à travers trois histoires distinctes - un couple qui renégocie leur relation, un narcissique qui tente de la comprendre, et des amants maudits qui pleurent sa perte.",4.4,231.0,0.19518140287,29,SHOW,"Drame, Horreur, Mystère & Thriller",Charlie David,"Amazon Prime Video, Amazon Prime Video with Ads"
Sandman,2022,"Après des années d'emprisonnement, le Seigneur des Rêves commence son périple à travers les mondes pour retrouver ce qu'on lui a volé et récupérer son pouvoir.",7.7,203917.0,0.913921134814,52,SHOW,"Action & Aventure, Science-Fiction, Drame, Horreur, Fantastique",Hisko Hulsing,"Netflix, Netflix Standard with Ads"
Le Studio,2025,"Seth Rogen joue le nouveau directeur d'un studio de cinéma. Cherchant désespérément l'approbation des plus grands, lui et ses exécutifs de chez Continental Studios jonglent entre pression commerciale et désirs créatifs tout en essayant de continuer de faire vivre le cinéma.",8.1,44912.0,0.84421199307,30,SHOW,"Drame, Comédie",Seth Rogen,Apple TV+
Person of Interest,2011,"Un agent paramilitaire de la CIA, présumé mort, est recruté par un millionnaire reclu pour travailler sur un projet top-secret : prévenir le crime avant qu'il ne se produise ! Un ingénieux programme élaboré par Finch identifie chaque jour des personnes qui vont être impliquées dans un crime. Victime ou coupable ? Reese va devoir mener l'enquête pour découvrir qui est en danger et empêcher qu'un nouveau meurtre soit commis...",8.5,201111.0,0.930678469361,44,SHOW,"Science-Fiction, Drame, Action & Aventure, Crime & Thriller, Mystère & Thriller",Omar Madha,"Fnac , Amazon Prime Video, Canal VOD, VIVA by videofutur, Amazon Prime Video with Ads, Apple TV, Rakuten TV, Bbox VOD, Premiere Max"
Les Dossiers oubliés,2025,"Un policier brillant mais insolent prend la tête d'un nouveau service, où il dirige une improbable équipe de marginaux chargée de résoudre les affaires non élucidées d'Édimbourg.",8.2,91725.0,0.948083378918,54,SHOW,"Drame, Mystère & Thriller, Crime & Thriller",Elisa Amoruso,"Netflix, Netflix Standard with Ads"
The Corps,2025,"En 1990, Cameron, un étudiant homosexuel réservé, rejoint le Corps des Marines avec son meilleur ami, Ray. Une décision dangereuse à une époque où être homosexuel dans l’armée signifiait une peine de prison... ou pire. Alors que les deux amis font face à un difficile entraînement, au cours duquel les mines antipersonnel sont à la fois littérales et métaphoriques, ils traversent un éprouvant voyage de transformation au sein de leur peloton.",8.0,5022.0,0.752577008144,43,SHOW,"Comédie, Drame, Film de guerre, Histoire",N/A,"Netflix, Netflix Standard with Ads"
New York Unité Spéciale,1999,"Les inspecteurs qui font partie de la division des Crimes sexuels (SVU) du service de police de la ville de New York (NYPD) enquêtent sur des crimes de nature sexuelle. Alors que les autres émissions de la franchise de ""La loi et l'ordre"" se sont largement concentrées sur les cas de meurtres, les inspecteurs de la division des Crimes sexuels (SVU) ont souvent affaire à des crimes, tel le viol, auquel la victime survit et elle aide les autorités lors de l'enquête.",8.1,140475.0,0.829303300745,45,SHOW,"Crime & Thriller, Drame, Mystère & Thriller",Kate Woods,"Molotov TV, Fnac , Amazon Video, Amazon Prime Video, TF1+, Amazon Prime Video with Ads, Apple TV, Netflix Standard with Ads, Netflix"
The Expanse,2015,"Deux siècles dans le futur : une femme disparue, un policier de la ceinture d'astéroïdes, le commandant d'un vaisseau cargo et une diplomate tentent d'éviter la guerre.",8.5,186630.0,0.951139709934,45,SHOW,"Drame, Mystère & Thriller, Science-Fiction",Jeff Woolnough,"Fnac , Amazon Prime Video, Canal VOD, Amazon Prime Video with Ads, Apple TV"
The Day of the Jackal,2024,"Le Chacal, un assassin solitaire, insaisissable, et particulièrement doué, se fait payer grassement pour abattre ses cibles. Il se trouve confronté à un officier des renseignements britanniques, une femme aussi tenace que lui, qui va se mettre à le traquer. Une palpitante course entre le chat et la souris démarre alors à travers l’Europe...",8.1,116439.0,0.930999829466,51,SHOW,"Action & Aventure, Crime & Thriller, Drame, Mystère & Thriller",Brian Kirk,"Amazon Video, Amazon Prime Video, VIVA by videofutur, Amazon Prime Video with Ads, Apple TV, Premiere Max"
DAN DA DAN,2024,"Entre menaces paranormales, nouveaux super-pouvoirs et histoire d'amour naissante, deux lycéens se mettent au défi de prouver l'existence des fantômes ou des extraterrestres.",8.3,44976.0,0.906968856245,24,SHOW,"Comédie Romantique, Science-Fiction, Mystère & Thriller, Animation, Action & Aventure, Comédie, Fantastique",Takuya Fujikura,"Fnac , Amazon Video, Amazon Prime Video, Crunchyroll, Crunchyroll Amazon Channel, Amazon Prime Video with Ads, Netflix Standard with Ads, Netflix, Animation Digital Network, Anime Digital Network Amazon Channel"
Montmartre,2025,"Paris, 1899. Céleste, danseuse de Cancan dans un cabaret de Montmartre, tente désespérément de retrouver le frère et la soeur dont elle a été séparée brutalement enfant quand leur père a été assassiné sous leurs yeux. Pour pouvoir payer Léon, l’inspecteur chargé de les retrouver, elle n’a d’autre choix que de danser nue.  Elle devient ainsi la première effeuilleuse de Paris et fait scandale bien malgré elle. De spectacle en spectacle, à mesure qu’elle prend de l’assurance, une nouvelle vie s’offre à elle mais les démons de son passé ne cessent de la rattraper.",6.8,22.0,,52,SHOW,Drame,Louis Choquette,"Canal VOD, TF1+, Apple TV"
